3k.stanley@gmail.com	1
6b656e6a69@gmail.com	1
JackieWang518@gmail.com	1
a.pakulov@gmail.com	2
aauradka@aauradka-mn1.(none)	1
aauradka@aauradka-mn1.linkedin.biz	2
aauradkar@linkedin.com	17
acotto@gmail.com	1
adam@streamsets.com	2
alex-sherwin@github.com	1
alex_apache@mofo.ca	1
alexloddengaard@gmail.com	1
alinachegalati@yahoo.com	1
amalakar@gmail.com	1
amandazhu19620701@gmail.com	3
andrew.olson@cerner.com	1
andrii.biletskyi@stealth.ly	1
anna@confluent.io	10
aozeritsky@gmail.com	2
asingh@cloudera.com	50
ason@confluent.io	3
ataraxer@gmail.com	3
atul.soman@microfocus.com	1
avellaneda.gabriel@gmail.com	2
ax_wang@yahoo.com	1
balaji.seshadri@dish.com	3
baldrick@free.fr	1
bbejeck@gmail.com	2
becket.qin@gmail.com	44
ben@monkey.org	1
benstopford@gmail.com	13
best.wangxin@163.com	2
brahmbhatt.parth@gmail.com	12
cburroughs@apache.org	8
ccope@resilientscience.com	1
cfreeman@linkedin.com	2
chenshangan@meituan.com	1
chris@pinola.co	1
chrisbblack@gmail.om	1
christian.posta@gmail.com	3
clehene@adobe.com	2
coderiff@gmail.com	1
cory.kolbeck@urbanairship.com	1
cshapi@gmail.com	41
dam@micro-workflow.com	1
davecromberge@gmail.com	1
david.jacot@gmail.com	9
davidcorley@gmail.com	1
dbeech@apache.org	1
dcbfernandez@gmail.com	1
derek@precog.com	2
desk@danielcompton.net	1
diparfitt@gmail.com	1
dokovan@hotmail.com	1
dstein205@gmail.com	1
dstratiychuk@yammer-inc.com	1
e.rajasekar@gmail.com	2
edio@archlinux.us	1
edward.ribeiro@gmail.com	5
eljefe6a@gmail.com	1
eno.thereska@gmail.com	5
evvers@ya.ru	1
f.visconte@criteo.com	1
fanatoly@gmail.com	1
flutra@gmail.com	1
fpj@apache.org	15
frank@frankscholten.nl	1
fsaintjacques@gmail.com	1
fung.john@gmail.com	12
geoff@confluent.io	29
gharatmayuresh15@gmail.com	5
github@tomlee.co	1
glikson@il.ibm.com	1
gmcdonald@apache.org	2
granders@gmail.com	1
granthenke@gmail.com	58
guan@mailchimp.com	1
guwang@linkedin.com	53
harsha@hortonworks.com	4
hsaputra@apache.org	2
ie.huang@intel.com	1
info@cmb-tradecenter.org	1
ismael@juma.me.uk	91
ivanlyutov@gmail.com	5
jai.forums2013@gmail.com	5
jaikiran.pai@gmail.com	2
jakub.nowak94@interia.pl	2
jarcec@apache.org	2
jason@confluent.io	73
jay.kreps@gmail.com	77
jbrosenberg@gmail.com	1
jcustenborder@gmail.com	1
jdo500@gmail.com	1
jeanfrancois.im@gmail.com	1
jeff.holoman@gmail.com	4
jeff.maxwell@gmail.com	1
jeremy@scarcemedia.com	1
jghoman@apache.org	1
jghoman@gmail.com	1
jinxing6042@126.com	1
jinxing@fenbi.com	5
jjkoshy@apache.org	18
jjkoshy@gmail.com	48
jkreps@apache.org	51
joe.stein@stealth.ly	31
joecrow@gmail.com	1
joestein@Joes-MacBook-Air.local	5
joestein@apache.org	25
johnysilver7@gmail.com	2
jonathan@ghostlab.net	1
joris.van.remoortere@gmail.com	1
josephstein@Josephs-MacBook-Pro.local	1
jrao@jrao-ld.linkedin.biz	1
jriehl@spaceship.com	1
junrao@apache.org	187
junrao@gmail.com	179
jylcheng@yahoo.com	2
k.p.szafranski@gmail.com	1
kich@mvno.dk	3
kongpo0412@gmail.com	1
konkalita@gmail.com	2
ksenji@ebay.com	1
lanzaa+asf@gmail.com	1
lindong28@gmail.com	23
lindong@cis.upenn.edu	2
liquanpei@gmail.com	2
litong01@us.ibm.com	2
litong02@us.ibm.com	2
luafran@gmail.com	1
lvfangmin@gmail.com	2
magnus.reftel@skatteetaten.no	1
magnus@edenhill.se	1
manasvigupta@yahoo.co.in	1
manikumar.reddy@gmail.com	37
martin.lemanski@gmx.at	1
martin@rapportive.com	1
matt.fluet@appian.com	1
mbruce@blackberry.com	1
mchungWgmail.com	1
me@ewencp.org	85
mgharat@linkedin.com	3
mgharat@mgharat-ld1.linkedin.biz	2
micah@zoltu.net	1
michael@confluent.io	5
midon@apache.org	2
mike@loggly.com	1
milosz@adfin.com	1
mjsax@apache.org	1
mlists@juma.me.uk	6
mlogvinenko@gmail.com	1
mr.mosch@gmail.com	1
mumrah@gmail.com	3
natty@wibidata.com	3
nbrown.us@gmail.com	1
neha.narkhede@gmail.com	100
nehanarkhede@apache.org	116
nmarasoi@adobe.com	3
nogu.dev@gmail.com	1
nurkiewicz@gmail.com	1
okaraman@linkedin.com	10
olandere@gmail.com	1
ouyangliduo@360.cn	1
paulm@loopr.com	1
pbrahmbhatt@hortonworks.com	4
peter.pham@wedgenetworks.com	1
phil.hargett@mirror-image.com	1
phil.hargett@mirror-images.com	1
pkwarren@gmail.com	1
prashanthmenon@apache.org	3
praveendrl@in.ibm.com	2
proneet11@gmail.com	1
pszwed@gmail.com	1
pyr@spootnik.org	1
rajinisivaram@gmail.com	1
rajinisivaram@googlemail.com	25
ransom.hezhiqiang@huawei.com	1
rekhajoshm@gmail.com	1
rhauch@gmail.com	5
rocketraman@gmail.com	1
roger.hoover@gmail.com	2
rwhaling@spantree.net	1
sam.meder@gmail.com	5
samjhecht@gmail.com	1
sasakitoa@nttdata.co.jp	7
schintalapani@hortonworks.com	34
sghike@linkedin.com	31
shahsam@umich.edu	1
simonenko.nsk@gmail.com	1
smalldirector@yahoo.com	1
sriram.sub@gmail.com	28
sriram@gmail.com	8
sslavic@apache.org	5
sslavic@gmail.com	6
stepanova.e.a@gmail.com	1
stevenz3wu@gmail.com	2
taxiao@ebay.com	1
tbrooks8@gmail.com	3
ted.malaska@cloudera.com	2
tgraves@yahoo-inc.com	1
tim.brooks@staples.com	1
tnachen@gmail.com	9
tom.dearman@gmail.com	2
tpalino@linkedin.com	1
vagrant@precise64.(none)	1
vahidhashemian@us.ibm.com	6
vivekpm@gmail.com	1
vladimir.tretyakov@sematext.com	1
vladislav.pernin@gmail.com	1
w00312082@szxbz258.huaweiobz.com	1
waldenchen@163.com	2
wangguoz@gmail.com	75
whitelilis@gmail.com	1
xiaotao183@gmail.com	3
yasuhiro.matsuda@gmail.com	6
yasuhiro@confluent.io	60
yulrizka@gmail.com	1
yying@fitbit.com	2
zhang.eamon@hotmail.com	1
zhangal1992@gmail.com	1
zhouyaguo@gmail.com	3
